id,origin,destination,count,origLat,origLon,destLat,destLon
8,Albania,Germany,0,41.32233,19.82516,52.51607,13.37699
9,Montenegro,Germany,0,42.43544,19.26391,52.51607,13.37699
26,Lithuania,Germany,0,54.69063,25.26981,52.51607,13.37699
27,Latvia,Germany,0,56.94599,24.11487,52.51607,13.37699
28,Estonia,Germany,0,59.43641,24.75254,52.51607,13.37699
30,Ukraine,Germany,0,50.45057,30.52428,52.51607,13.37699
32,Jordan,Hungary,0,31.95181,35.94042,47.49973,19.05508
35,Egypt,Hungary,0,30.04992,31.2486,47.49973,19.05508
38,Albania,Hungary,0,41.32233,19.82516,47.49973,19.05508
39,Montenegro,Hungary,0,42.43544,19.26391,47.49973,19.05508
40,Bosnia and Herzegovina,Hungary,0,43.85943,18.43577,47.49973,19.05508
41,Croatia,Hungary,0,45.80724,15.96758,47.49973,19.05508
42,Slovenia,Hungary,0,46.05063,14.50283,47.49973,19.05508
43,Slovakia,Hungary,0,48.14926,17.10699,47.49973,19.05508
45,Romania,Hungary,0,44.4343,26.10298,47.49973,19.05508
46,Czech Republic,Hungary,0,50.07913,14.43303,47.49973,19.05508
49,France,Hungary,0,48.85693,2.3412,47.49973,19.05508
50,Finland,Hungary,0,60.17116,24.93266,47.49973,19.05508
51,Sweden,Hungary,0,59.33233,18.06293,47.49973,19.05508
52,Denmark,Hungary,0,55.67567,12.56756,47.49973,19.05508
53,Norway,Hungary,0,59.9123,10.75,47.49973,19.05508
54,Spain,Hungary,0,40.42028,-3.70578,47.49973,19.05508
55,Poland,Hungary,0,52.23558,21.01027,47.49973,19.05508
56,Lithuania,Hungary,0,54.69063,25.26981,47.49973,19.05508
57,Latvia,Hungary,0,56.94599,24.11487,47.49973,19.05508
58,Estonia,Hungary,0,59.43641,24.75254,47.49973,19.05508
59,Russia,Hungary,0,55.75697,37.61502,47.49973,19.05508
60,Ukraine,Hungary,0,50.45057,30.52428,47.49973,19.05508
68,Albania,Austria,0,41.32233,19.82516,48.20255,16.3688
69,Montenegro,Austria,0,42.43544,19.26391,48.20255,16.3688
75,Romania,Austria,0,44.4343,26.10298,48.20255,16.3688
80,Finland,Austria,0,60.17116,24.93266,48.20255,16.3688
83,Norway,Austria,0,59.9123,10.75,48.20255,16.3688
84,Spain,Austria,0,40.42028,-3.70578,48.20255,16.3688
86,Lithuania,Austria,0,54.69063,25.26981,48.20255,16.3688
87,Latvia,Austria,0,56.94599,24.11487,48.20255,16.3688
88,Estonia,Austria,0,59.43641,24.75254,48.20255,16.3688
90,Ukraine,Austria,0,50.45057,30.52428,48.20255,16.3688
91,Syria,Italy,0,33.4993,36.30132,41.90323,12.49566
98,Albania,Italy,0,41.32233,19.82516,41.90323,12.49566
99,Montenegro,Italy,0,42.43544,19.26391,41.90323,12.49566
101,Croatia,Italy,0,45.80724,15.96758,41.90323,12.49566
102,Slovenia,Italy,0,46.05063,14.50283,41.90323,12.49566
103,Slovakia,Italy,0,48.14926,17.10699,41.90323,12.49566
104,Bulgaria,Italy,0,42.69719,23.32431,41.90323,12.49566
105,Romania,Italy,0,44.4343,26.10298,41.90323,12.49566
106,Czech Republic,Italy,0,50.07913,14.43303,41.90323,12.49566
112,Denmark,Italy,0,55.67567,12.56756,41.90323,12.49566
115,Poland,Italy,0,52.23558,21.01027,41.90323,12.49566
116,Lithuania,Italy,0,54.69063,25.26981,41.90323,12.49566
117,Latvia,Italy,0,56.94599,24.11487,41.90323,12.49566
118,Estonia,Italy,0,59.43641,24.75254,41.90323,12.49566
119,Russia,Italy,0,55.75697,37.61502,41.90323,12.49566
120,Ukraine,Italy,0,50.45057,30.52428,41.90323,12.49566
128,Albania,Greece,0,41.32233,19.82516,37.97613,23.73643
129,Montenegro,Greece,0,42.43544,19.26391,37.97613,23.73643
131,Croatia,Greece,0,45.80724,15.96758,37.97613,23.73643
132,Slovenia,Greece,0,46.05063,14.50283,37.97613,23.73643
133,Slovakia,Greece,0,48.14926,17.10699,37.97613,23.73643
135,Romania,Greece,0,44.4343,26.10298,37.97613,23.73643
136,Czech Republic,Greece,0,50.07913,14.43303,37.97613,23.73643
139,France,Greece,0,48.85693,2.3412,37.97613,23.73643
140,Finland,Greece,0,60.17116,24.93266,37.97613,23.73643
143,Norway,Greece,0,59.9123,10.75,37.97613,23.73643
144,Spain,Greece,0,40.42028,-3.70578,37.97613,23.73643
145,Poland,Greece,0,52.23558,21.01027,37.97613,23.73643
146,Lithuania,Greece,0,54.69063,25.26981,37.97613,23.73643
147,Latvia,Greece,0,56.94599,24.11487,37.97613,23.73643
148,Estonia,Greece,0,59.43641,24.75254,37.97613,23.73643
149,Russia,Greece,0,55.75697,37.61502,37.97613,23.73643
150,Ukraine,Greece,0,50.45057,30.52428,37.97613,23.73643
152,Jordan,Hungary,0,31.95181,35.94042,47.49973,19.05508
155,Egypt,Hungary,0,30.04992,31.2486,47.49973,19.05508
158,Albania,Hungary,0,41.32233,19.82516,47.49973,19.05508
159,Montenegro,Hungary,0,42.43544,19.26391,47.49973,19.05508
160,Bosnia and Herzegovina,Hungary,0,43.85943,18.43577,47.49973,19.05508
161,Croatia,Hungary,0,45.80724,15.96758,47.49973,19.05508
162,Slovenia,Hungary,0,46.05063,14.50283,47.49973,19.05508
163,Slovakia,Hungary,0,48.14926,17.10699,47.49973,19.05508
165,Romania,Hungary,0,44.4343,26.10298,47.49973,19.05508
166,Czech Republic,Hungary,0,50.07913,14.43303,47.49973,19.05508
169,France,Hungary,0,48.85693,2.3412,47.49973,19.05508
170,Finland,Hungary,0,60.17116,24.93266,47.49973,19.05508
171,Sweden,Hungary,0,59.33233,18.06293,47.49973,19.05508
172,Denmark,Hungary,0,55.67567,12.56756,47.49973,19.05508
173,Norway,Hungary,0,59.9123,10.75,47.49973,19.05508
174,Spain,Hungary,0,40.42028,-3.70578,47.49973,19.05508
175,Poland,Hungary,0,52.23558,21.01027,47.49973,19.05508
176,Lithuania,Hungary,0,54.69063,25.26981,47.49973,19.05508
177,Latvia,Hungary,0,56.94599,24.11487,47.49973,19.05508
178,Estonia,Hungary,0,59.43641,24.75254,47.49973,19.05508
179,Russia,Hungary,0,55.75697,37.61502,47.49973,19.05508
180,Ukraine,Hungary,0,50.45057,30.52428,47.49973,19.05508
181,Syria,Albania,0,33.4993,36.30132,41.32233,19.82516
182,Jordan,Albania,0,31.95181,35.94042,41.32233,19.82516
183,Lebanon,Albania,0,33.89607,35.50678,41.32233,19.82516
184,Turkey,Albania,0,39.92109,32.85399,41.32233,19.82516
185,Egypt,Albania,0,30.04992,31.2486,41.32233,19.82516
187,Hungary,Albania,0,47.49973,19.05508,41.32233,19.82516
189,Montenegro,Albania,0,42.43544,19.26391,41.32233,19.82516
190,Bosnia and Herzegovina,Albania,0,43.85943,18.43577,41.32233,19.82516
191,Croatia,Albania,0,45.80724,15.96758,41.32233,19.82516
192,Slovenia,Albania,0,46.05063,14.50283,41.32233,19.82516
193,Slovakia,Albania,0,48.14926,17.10699,41.32233,19.82516
194,Bulgaria,Albania,0,42.69719,23.32431,41.32233,19.82516
195,Romania,Albania,0,44.4343,26.10298,41.32233,19.82516
196,Czech Republic,Albania,0,50.07913,14.43303,41.32233,19.82516
197,Austria,Albania,0,48.20255,16.3688,41.32233,19.82516
198,United Kingdom,Albania,0,51.50643,-0.12721,41.32233,19.82516
199,France,Albania,0,48.85693,2.3412,41.32233,19.82516
200,Finland,Albania,0,60.17116,24.93266,41.32233,19.82516
201,Sweden,Albania,0,59.33233,18.06293,41.32233,19.82516
202,Denmark,Albania,0,55.67567,12.56756,41.32233,19.82516
203,Norway,Albania,0,59.9123,10.75,41.32233,19.82516
204,Spain,Albania,0,40.42028,-3.70578,41.32233,19.82516
205,Poland,Albania,0,52.23558,21.01027,41.32233,19.82516
206,Lithuania,Albania,0,54.69063,25.26981,41.32233,19.82516
207,Latvia,Albania,0,56.94599,24.11487,41.32233,19.82516
208,Estonia,Albania,0,59.43641,24.75254,41.32233,19.82516
209,Russia,Albania,0,55.75697,37.61502,41.32233,19.82516
210,Ukraine,Albania,0,50.45057,30.52428,41.32233,19.82516
211,Syria,Montenegro,0,33.4993,36.30132,42.43544,19.26391
212,Jordan,Montenegro,0,31.95181,35.94042,42.43544,19.26391
213,Lebanon,Montenegro,0,33.89607,35.50678,42.43544,19.26391
214,Turkey,Montenegro,0,39.92109,32.85399,42.43544,19.26391
215,Egypt,Montenegro,0,30.04992,31.2486,42.43544,19.26391
217,Hungary,Montenegro,0,47.49973,19.05508,42.43544,19.26391
220,Bosnia and Herzegovina,Montenegro,0,43.85943,18.43577,42.43544,19.26391
221,Croatia,Montenegro,0,45.80724,15.96758,42.43544,19.26391
222,Slovenia,Montenegro,0,46.05063,14.50283,42.43544,19.26391
223,Slovakia,Montenegro,0,48.14926,17.10699,42.43544,19.26391
224,Bulgaria,Montenegro,0,42.69719,23.32431,42.43544,19.26391
225,Romania,Montenegro,0,44.4343,26.10298,42.43544,19.26391
226,Czech Republic,Montenegro,0,50.07913,14.43303,42.43544,19.26391
227,Austria,Montenegro,0,48.20255,16.3688,42.43544,19.26391
228,United Kingdom,Montenegro,0,51.50643,-0.12721,42.43544,19.26391
229,France,Montenegro,0,48.85693,2.3412,42.43544,19.26391
230,Finland,Montenegro,0,60.17116,24.93266,42.43544,19.26391
231,Sweden,Montenegro,0,59.33233,18.06293,42.43544,19.26391
232,Denmark,Montenegro,0,55.67567,12.56756,42.43544,19.26391
233,Norway,Montenegro,0,59.9123,10.75,42.43544,19.26391
234,Spain,Montenegro,0,40.42028,-3.70578,42.43544,19.26391
235,Poland,Montenegro,0,52.23558,21.01027,42.43544,19.26391
236,Lithuania,Montenegro,0,54.69063,25.26981,42.43544,19.26391
237,Latvia,Montenegro,0,56.94599,24.11487,42.43544,19.26391
238,Estonia,Montenegro,0,59.43641,24.75254,42.43544,19.26391
239,Russia,Montenegro,0,55.75697,37.61502,42.43544,19.26391
240,Ukraine,Montenegro,0,50.45057,30.52428,42.43544,19.26391
241,Syria,Bosnia and Herzegovina,0,33.4993,36.30132,43.85943,18.43577
242,Jordan,Bosnia and Herzegovina,0,31.95181,35.94042,43.85943,18.43577
243,Lebanon,Bosnia and Herzegovina,0,33.89607,35.50678,43.85943,18.43577
245,Egypt,Bosnia and Herzegovina,0,30.04992,31.2486,43.85943,18.43577
246,Greece,Bosnia and Herzegovina,0,37.97613,23.73643,43.85943,18.43577
247,Hungary,Bosnia and Herzegovina,0,47.49973,19.05508,43.85943,18.43577
248,Albania,Bosnia and Herzegovina,0,41.32233,19.82516,43.85943,18.43577
249,Montenegro,Bosnia and Herzegovina,0,42.43544,19.26391,43.85943,18.43577
250,Bosnia and Herzegovina,Bosnia and Herzegovina,0,43.85943,18.43577,43.85943,18.43577
252,Slovenia,Bosnia and Herzegovina,0,46.05063,14.50283,43.85943,18.43577
253,Slovakia,Bosnia and Herzegovina,0,48.14926,17.10699,43.85943,18.43577
254,Bulgaria,Bosnia and Herzegovina,0,42.69719,23.32431,43.85943,18.43577
258,United Kingdom,Bosnia and Herzegovina,0,51.50643,-0.12721,43.85943,18.43577
259,France,Bosnia and Herzegovina,0,48.85693,2.3412,43.85943,18.43577
260,Finland,Bosnia and Herzegovina,0,60.17116,24.93266,43.85943,18.43577
261,Sweden,Bosnia and Herzegovina,0,59.33233,18.06293,43.85943,18.43577
262,Denmark,Bosnia and Herzegovina,0,55.67567,12.56756,43.85943,18.43577
263,Norway,Bosnia and Herzegovina,0,59.9123,10.75,43.85943,18.43577
264,Spain,Bosnia and Herzegovina,0,40.42028,-3.70578,43.85943,18.43577
265,Poland,Bosnia and Herzegovina,0,52.23558,21.01027,43.85943,18.43577
266,Lithuania,Bosnia and Herzegovina,0,54.69063,25.26981,43.85943,18.43577
267,Latvia,Bosnia and Herzegovina,0,56.94599,24.11487,43.85943,18.43577
268,Estonia,Bosnia and Herzegovina,0,59.43641,24.75254,43.85943,18.43577
269,Russia,Bosnia and Herzegovina,0,55.75697,37.61502,43.85943,18.43577
270,Ukraine,Bosnia and Herzegovina,0,50.45057,30.52428,43.85943,18.43577
271,Syria,Croatia,0,33.4993,36.30132,45.80724,15.96758
272,Jordan,Croatia,0,31.95181,35.94042,45.80724,15.96758
275,Egypt,Croatia,0,30.04992,31.2486,45.80724,15.96758
277,Hungary,Croatia,0,47.49973,19.05508,45.80724,15.96758
278,Albania,Croatia,0,41.32233,19.82516,45.80724,15.96758
279,Montenegro,Croatia,0,42.43544,19.26391,45.80724,15.96758
283,Slovakia,Croatia,0,48.14926,17.10699,45.80724,15.96758
284,Bulgaria,Croatia,0,42.69719,23.32431,45.80724,15.96758
285,Romania,Croatia,0,44.4343,26.10298,45.80724,15.96758
286,Czech Republic,Croatia,0,50.07913,14.43303,45.80724,15.96758
287,Austria,Croatia,0,48.20255,16.3688,45.80724,15.96758
288,United Kingdom,Croatia,0,51.50643,-0.12721,45.80724,15.96758
290,Finland,Croatia,0,60.17116,24.93266,45.80724,15.96758
291,Sweden,Croatia,0,59.33233,18.06293,45.80724,15.96758
292,Denmark,Croatia,0,55.67567,12.56756,45.80724,15.96758
293,Norway,Croatia,0,59.9123,10.75,45.80724,15.96758
294,Spain,Croatia,0,40.42028,-3.70578,45.80724,15.96758
295,Poland,Croatia,0,52.23558,21.01027,45.80724,15.96758
296,Lithuania,Croatia,0,54.69063,25.26981,45.80724,15.96758
297,Latvia,Croatia,0,56.94599,24.11487,45.80724,15.96758
298,Estonia,Croatia,0,59.43641,24.75254,45.80724,15.96758
299,Russia,Croatia,0,55.75697,37.61502,45.80724,15.96758
300,Ukraine,Croatia,0,50.45057,30.52428,45.80724,15.96758
301,Syria,Slovenia,0,33.4993,36.30132,46.05063,14.50283
302,Jordan,Slovenia,0,31.95181,35.94042,46.05063,14.50283
305,Egypt,Slovenia,0,30.04992,31.2486,46.05063,14.50283
307,Hungary,Slovenia,0,47.49973,19.05508,46.05063,14.50283
308,Albania,Slovenia,0,41.32233,19.82516,46.05063,14.50283
309,Montenegro,Slovenia,0,42.43544,19.26391,46.05063,14.50283
311,Croatia,Slovenia,0,45.80724,15.96758,46.05063,14.50283
313,Slovakia,Slovenia,0,48.14926,17.10699,46.05063,14.50283
314,Bulgaria,Slovenia,0,42.69719,23.32431,46.05063,14.50283
315,Romania,Slovenia,0,44.4343,26.10298,46.05063,14.50283
318,United Kingdom,Slovenia,0,51.50643,-0.12721,46.05063,14.50283
320,Finland,Slovenia,0,60.17116,24.93266,46.05063,14.50283
321,Sweden,Slovenia,0,59.33233,18.06293,46.05063,14.50283
322,Denmark,Slovenia,0,55.67567,12.56756,46.05063,14.50283
324,Spain,Slovenia,0,40.42028,-3.70578,46.05063,14.50283
325,Poland,Slovenia,0,52.23558,21.01027,46.05063,14.50283
326,Lithuania,Slovenia,0,54.69063,25.26981,46.05063,14.50283
327,Latvia,Slovenia,0,56.94599,24.11487,46.05063,14.50283
328,Estonia,Slovenia,0,59.43641,24.75254,46.05063,14.50283
329,Russia,Slovenia,0,55.75697,37.61502,46.05063,14.50283
330,Ukraine,Slovenia,0,50.45057,30.52428,46.05063,14.50283
331,Syria,Slovakia,0,33.4993,36.30132,48.14926,17.10699
332,Jordan,Slovakia,0,31.95181,35.94042,48.14926,17.10699
333,Lebanon,Slovakia,0,33.89607,35.50678,48.14926,17.10699
334,Turkey,Slovakia,0,39.92109,32.85399,48.14926,17.10699
335,Egypt,Slovakia,0,30.04992,31.2486,48.14926,17.10699
336,Greece,Slovakia,0,37.97613,23.73643,48.14926,17.10699
337,Hungary,Slovakia,0,47.49973,19.05508,48.14926,17.10699
338,Albania,Slovakia,0,41.32233,19.82516,48.14926,17.10699
339,Montenegro,Slovakia,0,42.43544,19.26391,48.14926,17.10699
340,Bosnia and Herzegovina,Slovakia,0,43.85943,18.43577,48.14926,17.10699
341,Croatia,Slovakia,0,45.80724,15.96758,48.14926,17.10699
342,Slovenia,Slovakia,0,46.05063,14.50283,48.14926,17.10699
344,Bulgaria,Slovakia,0,42.69719,23.32431,48.14926,17.10699
345,Romania,Slovakia,0,44.4343,26.10298,48.14926,17.10699
348,United Kingdom,Slovakia,0,51.50643,-0.12721,48.14926,17.10699
349,France,Slovakia,0,48.85693,2.3412,48.14926,17.10699
350,Finland,Slovakia,0,60.17116,24.93266,48.14926,17.10699
351,Sweden,Slovakia,0,59.33233,18.06293,48.14926,17.10699
352,Denmark,Slovakia,0,55.67567,12.56756,48.14926,17.10699
353,Norway,Slovakia,0,59.9123,10.75,48.14926,17.10699
354,Spain,Slovakia,0,40.42028,-3.70578,48.14926,17.10699
356,Lithuania,Slovakia,0,54.69063,25.26981,48.14926,17.10699
357,Latvia,Slovakia,0,56.94599,24.11487,48.14926,17.10699
358,Estonia,Slovakia,0,59.43641,24.75254,48.14926,17.10699
359,Russia,Slovakia,0,55.75697,37.61502,48.14926,17.10699
360,Ukraine,Slovakia,0,50.45057,30.52428,48.14926,17.10699
361,Syria,Bulgaria,0,33.4993,36.30132,42.69719,23.32431
363,Lebanon,Bulgaria,0,33.89607,35.50678,42.69719,23.32431
365,Egypt,Bulgaria,0,30.04992,31.2486,42.69719,23.32431
368,Albania,Bulgaria,0,41.32233,19.82516,42.69719,23.32431
369,Montenegro,Bulgaria,0,42.43544,19.26391,42.69719,23.32431
370,Bosnia and Herzegovina,Bulgaria,0,43.85943,18.43577,42.69719,23.32431
371,Croatia,Bulgaria,0,45.80724,15.96758,42.69719,23.32431
372,Slovenia,Bulgaria,0,46.05063,14.50283,42.69719,23.32431
373,Slovakia,Bulgaria,0,48.14926,17.10699,42.69719,23.32431
375,Romania,Bulgaria,0,44.4343,26.10298,42.69719,23.32431
378,United Kingdom,Bulgaria,0,51.50643,-0.12721,42.69719,23.32431
379,France,Bulgaria,0,48.85693,2.3412,42.69719,23.32431
380,Finland,Bulgaria,0,60.17116,24.93266,42.69719,23.32431
381,Sweden,Bulgaria,0,59.33233,18.06293,42.69719,23.32431
382,Denmark,Bulgaria,0,55.67567,12.56756,42.69719,23.32431
384,Spain,Bulgaria,0,40.42028,-3.70578,42.69719,23.32431
385,Poland,Bulgaria,0,52.23558,21.01027,42.69719,23.32431
386,Lithuania,Bulgaria,0,54.69063,25.26981,42.69719,23.32431
387,Latvia,Bulgaria,0,56.94599,24.11487,42.69719,23.32431
388,Estonia,Bulgaria,0,59.43641,24.75254,42.69719,23.32431
389,Russia,Bulgaria,0,55.75697,37.61502,42.69719,23.32431
391,Syria,Romania,0,33.4993,36.30132,44.4343,26.10298
393,Lebanon,Romania,0,33.89607,35.50678,44.4343,26.10298
395,Egypt,Romania,0,30.04992,31.2486,44.4343,26.10298
396,Greece,Romania,0,37.97613,23.73643,44.4343,26.10298
397,Hungary,Romania,0,47.49973,19.05508,44.4343,26.10298
398,Albania,Romania,0,41.32233,19.82516,44.4343,26.10298
399,Montenegro,Romania,0,42.43544,19.26391,44.4343,26.10298
400,Bosnia and Herzegovina,Romania,0,43.85943,18.43577,44.4343,26.10298
401,Croatia,Romania,0,45.80724,15.96758,44.4343,26.10298
402,Slovenia,Romania,0,46.05063,14.50283,44.4343,26.10298
403,Slovakia,Romania,0,48.14926,17.10699,44.4343,26.10298
404,Bulgaria,Romania,0,42.69719,23.32431,44.4343,26.10298
406,Czech Republic,Romania,0,50.07913,14.43303,44.4343,26.10298
407,Austria,Romania,0,48.20255,16.3688,44.4343,26.10298
408,United Kingdom,Romania,0,51.50643,-0.12721,44.4343,26.10298
409,France,Romania,0,48.85693,2.3412,44.4343,26.10298
410,Finland,Romania,0,60.17116,24.93266,44.4343,26.10298
411,Sweden,Romania,0,59.33233,18.06293,44.4343,26.10298
412,Denmark,Romania,0,55.67567,12.56756,44.4343,26.10298
413,Norway,Romania,0,59.9123,10.75,44.4343,26.10298
414,Spain,Romania,0,40.42028,-3.70578,44.4343,26.10298
415,Poland,Romania,0,52.23558,21.01027,44.4343,26.10298
416,Lithuania,Romania,0,54.69063,25.26981,44.4343,26.10298
417,Latvia,Romania,0,56.94599,24.11487,44.4343,26.10298
418,Estonia,Romania,0,59.43641,24.75254,44.4343,26.10298
420,Ukraine,Romania,0,50.45057,30.52428,44.4343,26.10298
421,Syria,Czech Republic,0,33.4993,36.30132,50.07913,14.43303
422,Jordan,Czech Republic,0,31.95181,35.94042,50.07913,14.43303
423,Lebanon,Czech Republic,0,33.89607,35.50678,50.07913,14.43303
424,Turkey,Czech Republic,0,39.92109,32.85399,50.07913,14.43303
425,Egypt,Czech Republic,0,30.04992,31.2486,50.07913,14.43303
426,Greece,Czech Republic,0,37.97613,23.73643,50.07913,14.43303
427,Hungary,Czech Republic,0,47.49973,19.05508,50.07913,14.43303
428,Albania,Czech Republic,0,41.32233,19.82516,50.07913,14.43303
429,Montenegro,Czech Republic,0,42.43544,19.26391,50.07913,14.43303
430,Bosnia and Herzegovina,Czech Republic,0,43.85943,18.43577,50.07913,14.43303
431,Croatia,Czech Republic,0,45.80724,15.96758,50.07913,14.43303
432,Slovenia,Czech Republic,0,46.05063,14.50283,50.07913,14.43303
434,Bulgaria,Czech Republic,0,42.69719,23.32431,50.07913,14.43303
435,Romania,Czech Republic,0,44.4343,26.10298,50.07913,14.43303
436,Czech Republic,Czech Republic,0,50.07913,14.43303,50.07913,14.43303
438,United Kingdom,Czech Republic,0,51.50643,-0.12721,50.07913,14.43303
440,Finland,Czech Republic,0,60.17116,24.93266,50.07913,14.43303
441,Sweden,Czech Republic,0,59.33233,18.06293,50.07913,14.43303
442,Denmark,Czech Republic,0,55.67567,12.56756,50.07913,14.43303
444,Spain,Czech Republic,0,40.42028,-3.70578,50.07913,14.43303
445,Poland,Czech Republic,0,52.23558,21.01027,50.07913,14.43303
446,Lithuania,Czech Republic,0,54.69063,25.26981,50.07913,14.43303
447,Latvia,Czech Republic,0,56.94599,24.11487,50.07913,14.43303
448,Estonia,Czech Republic,0,59.43641,24.75254,50.07913,14.43303
449,Russia,Czech Republic,0,55.75697,37.61502,50.07913,14.43303
450,Ukraine,Czech Republic,0,50.45057,30.52428,50.07913,14.43303
458,Albania,Austria,0,41.32233,19.82516,48.20255,16.3688
459,Montenegro,Austria,0,42.43544,19.26391,48.20255,16.3688
465,Romania,Austria,0,44.4343,26.10298,48.20255,16.3688
470,Finland,Austria,0,60.17116,24.93266,48.20255,16.3688
473,Norway,Austria,0,59.9123,10.75,48.20255,16.3688
474,Spain,Austria,0,40.42028,-3.70578,48.20255,16.3688
476,Lithuania,Austria,0,54.69063,25.26981,48.20255,16.3688
477,Latvia,Austria,0,56.94599,24.11487,48.20255,16.3688
478,Estonia,Austria,0,59.43641,24.75254,48.20255,16.3688
480,Ukraine,Austria,0,50.45057,30.52428,48.20255,16.3688
488,Albania,United Kingdom,0,41.32233,19.82516,51.50643,-0.12721
489,Montenegro,United Kingdom,0,42.43544,19.26391,51.50643,-0.12721
490,Bosnia and Herzegovina,United Kingdom,0,43.85943,18.43577,51.50643,-0.12721
492,Slovenia,United Kingdom,0,46.05063,14.50283,51.50643,-0.12721
494,Bulgaria,United Kingdom,0,42.69719,23.32431,51.50643,-0.12721
500,Finland,United Kingdom,0,60.17116,24.93266,51.50643,-0.12721
506,Lithuania,United Kingdom,0,54.69063,25.26981,51.50643,-0.12721
507,Latvia,United Kingdom,0,56.94599,24.11487,51.50643,-0.12721
508,Estonia,United Kingdom,0,59.43641,24.75254,51.50643,-0.12721
509,Russia,United Kingdom,0,55.75697,37.61502,51.50643,-0.12721
510,Ukraine,United Kingdom,0,50.45057,30.52428,51.50643,-0.12721
518,Albania,France,0,41.32233,19.82516,48.85693,2.3412
519,Montenegro,France,0,42.43544,19.26391,48.85693,2.3412
521,Croatia,France,0,45.80724,15.96758,48.85693,2.3412
522,Slovenia,France,0,46.05063,14.50283,48.85693,2.3412
535,Poland,France,0,52.23558,21.01027,48.85693,2.3412
536,Lithuania,France,0,54.69063,25.26981,48.85693,2.3412
537,Latvia,France,0,56.94599,24.11487,48.85693,2.3412
538,Estonia,France,0,59.43641,24.75254,48.85693,2.3412
540,Ukraine,France,0,50.45057,30.52428,48.85693,2.3412
541,Syria,Finland,0,33.4993,36.30132,60.17116,24.93266
542,Jordan,Finland,0,31.95181,35.94042,60.17116,24.93266
545,Egypt,Finland,0,30.04992,31.2486,60.17116,24.93266
547,Hungary,Finland,0,47.49973,19.05508,60.17116,24.93266
548,Albania,Finland,0,41.32233,19.82516,60.17116,24.93266
549,Montenegro,Finland,0,42.43544,19.26391,60.17116,24.93266
550,Bosnia and Herzegovina,Finland,0,43.85943,18.43577,60.17116,24.93266
551,Croatia,Finland,0,45.80724,15.96758,60.17116,24.93266
552,Slovenia,Finland,0,46.05063,14.50283,60.17116,24.93266
553,Slovakia,Finland,0,48.14926,17.10699,60.17116,24.93266
554,Bulgaria,Finland,0,42.69719,23.32431,60.17116,24.93266
556,Czech Republic,Finland,0,50.07913,14.43303,60.17116,24.93266
558,United Kingdom,Finland,0,51.50643,-0.12721,60.17116,24.93266
559,France,Finland,0,48.85693,2.3412,60.17116,24.93266
563,Norway,Finland,0,59.9123,10.75,60.17116,24.93266
564,Spain,Finland,0,40.42028,-3.70578,60.17116,24.93266
566,Lithuania,Finland,0,54.69063,25.26981,60.17116,24.93266
567,Latvia,Finland,0,56.94599,24.11487,60.17116,24.93266
568,Estonia,Finland,0,59.43641,24.75254,60.17116,24.93266
569,Russia,Finland,0,55.75697,37.61502,60.17116,24.93266
570,Ukraine,Finland,0,50.45057,30.52428,60.17116,24.93266
578,Albania,Sweden,0,41.32233,19.82516,59.33233,18.06293
579,Montenegro,Sweden,0,42.43544,19.26391,59.33233,18.06293
580,Bosnia and Herzegovina,Sweden,0,43.85943,18.43577,59.33233,18.06293
582,Slovenia,Sweden,0,46.05063,14.50283,59.33233,18.06293
583,Slovakia,Sweden,0,48.14926,17.10699,59.33233,18.06293
584,Bulgaria,Sweden,0,42.69719,23.32431,59.33233,18.06293
585,Romania,Sweden,0,44.4343,26.10298,59.33233,18.06293
586,Czech Republic,Sweden,0,50.07913,14.43303,59.33233,18.06293
594,Spain,Sweden,0,40.42028,-3.70578,59.33233,18.06293
596,Lithuania,Sweden,0,54.69063,25.26981,59.33233,18.06293
597,Latvia,Sweden,0,56.94599,24.11487,59.33233,18.06293
598,Estonia,Sweden,0,59.43641,24.75254,59.33233,18.06293
599,Russia,Sweden,0,55.75697,37.61502,59.33233,18.06293
600,Ukraine,Sweden,0,50.45057,30.52428,59.33233,18.06293
603,Lebanon,Denmark,0,33.89607,35.50678,55.67567,12.56756
605,Egypt,Denmark,0,30.04992,31.2486,55.67567,12.56756
608,Albania,Denmark,0,41.32233,19.82516,55.67567,12.56756
609,Montenegro,Denmark,0,42.43544,19.26391,55.67567,12.56756
610,Bosnia and Herzegovina,Denmark,0,43.85943,18.43577,55.67567,12.56756
611,Croatia,Denmark,0,45.80724,15.96758,55.67567,12.56756
612,Slovenia,Denmark,0,46.05063,14.50283,55.67567,12.56756
613,Slovakia,Denmark,0,48.14926,17.10699,55.67567,12.56756
614,Bulgaria,Denmark,0,42.69719,23.32431,55.67567,12.56756
615,Romania,Denmark,0,44.4343,26.10298,55.67567,12.56756
616,Czech Republic,Denmark,0,50.07913,14.43303,55.67567,12.56756
620,Finland,Denmark,0,60.17116,24.93266,55.67567,12.56756
624,Spain,Denmark,0,40.42028,-3.70578,55.67567,12.56756
625,Poland,Denmark,0,52.23558,21.01027,55.67567,12.56756
626,Lithuania,Denmark,0,54.69063,25.26981,55.67567,12.56756
627,Latvia,Denmark,0,56.94599,24.11487,55.67567,12.56756
628,Estonia,Denmark,0,59.43641,24.75254,55.67567,12.56756
629,Russia,Denmark,0,55.75697,37.61502,55.67567,12.56756
630,Ukraine,Denmark,0,50.45057,30.52428,55.67567,12.56756
631,Syria,Norway,0,33.4993,36.30132,59.9123,10.75
635,Egypt,Norway,0,30.04992,31.2486,59.9123,10.75
638,Albania,Norway,0,41.32233,19.82516,59.9123,10.75
639,Montenegro,Norway,0,42.43544,19.26391,59.9123,10.75
640,Bosnia and Herzegovina,Norway,0,43.85943,18.43577,59.9123,10.75
641,Croatia,Norway,0,45.80724,15.96758,59.9123,10.75
642,Slovenia,Norway,0,46.05063,14.50283,59.9123,10.75
643,Slovakia,Norway,0,48.14926,17.10699,59.9123,10.75
644,Bulgaria,Norway,0,42.69719,23.32431,59.9123,10.75
645,Romania,Norway,0,44.4343,26.10298,59.9123,10.75
646,Czech Republic,Norway,0,50.07913,14.43303,59.9123,10.75
649,France,Norway,0,48.85693,2.3412,59.9123,10.75
650,Finland,Norway,0,60.17116,24.93266,59.9123,10.75
656,Lithuania,Norway,0,54.69063,25.26981,59.9123,10.75
657,Latvia,Norway,0,56.94599,24.11487,59.9123,10.75
658,Estonia,Norway,0,59.43641,24.75254,59.9123,10.75
659,Russia,Norway,0,55.75697,37.61502,59.9123,10.75
660,Ukraine,Norway,0,50.45057,30.52428,59.9123,10.75
661,Syria,Spain,0,33.4993,36.30132,40.42028,-3.70578
663,Lebanon,Spain,0,33.89607,35.50678,40.42028,-3.70578
666,Greece,Spain,0,37.97613,23.73643,40.42028,-3.70578
667,Hungary,Spain,0,47.49973,19.05508,40.42028,-3.70578
668,Albania,Spain,0,41.32233,19.82516,40.42028,-3.70578
669,Montenegro,Spain,0,42.43544,19.26391,40.42028,-3.70578
670,Bosnia and Herzegovina,Spain,0,43.85943,18.43577,40.42028,-3.70578
671,Croatia,Spain,0,45.80724,15.96758,40.42028,-3.70578
672,Slovenia,Spain,0,46.05063,14.50283,40.42028,-3.70578
673,Slovakia,Spain,0,48.14926,17.10699,40.42028,-3.70578
674,Bulgaria,Spain,0,42.69719,23.32431,40.42028,-3.70578
675,Romania,Spain,0,44.4343,26.10298,40.42028,-3.70578
676,Czech Republic,Spain,0,50.07913,14.43303,40.42028,-3.70578
682,Denmark,Spain,0,55.67567,12.56756,40.42028,-3.70578
685,Poland,Spain,0,52.23558,21.01027,40.42028,-3.70578
686,Lithuania,Spain,0,54.69063,25.26981,40.42028,-3.70578
687,Latvia,Spain,0,56.94599,24.11487,40.42028,-3.70578
688,Estonia,Spain,0,59.43641,24.75254,40.42028,-3.70578
689,Russia,Spain,0,55.75697,37.61502,40.42028,-3.70578
690,Ukraine,Spain,0,50.45057,30.52428,40.42028,-3.70578
691,Syria,Poland,0,33.4993,36.30132,52.23558,21.01027
693,Lebanon,Poland,0,33.89607,35.50678,52.23558,21.01027
695,Egypt,Poland,0,30.04992,31.2486,52.23558,21.01027
697,Hungary,Poland,0,47.49973,19.05508,52.23558,21.01027
698,Albania,Poland,0,41.32233,19.82516,52.23558,21.01027
699,Montenegro,Poland,0,42.43544,19.26391,52.23558,21.01027
700,Bosnia and Herzegovina,Poland,0,43.85943,18.43577,52.23558,21.01027
701,Croatia,Poland,0,45.80724,15.96758,52.23558,21.01027
702,Slovenia,Poland,0,46.05063,14.50283,52.23558,21.01027
703,Slovakia,Poland,0,48.14926,17.10699,52.23558,21.01027
704,Bulgaria,Poland,0,42.69719,23.32431,52.23558,21.01027
707,Austria,Poland,0,48.20255,16.3688,52.23558,21.01027
709,France,Poland,0,48.85693,2.3412,52.23558,21.01027
710,Finland,Poland,0,60.17116,24.93266,52.23558,21.01027
711,Sweden,Poland,0,59.33233,18.06293,52.23558,21.01027
714,Spain,Poland,0,40.42028,-3.70578,52.23558,21.01027
716,Lithuania,Poland,0,54.69063,25.26981,52.23558,21.01027
717,Latvia,Poland,0,56.94599,24.11487,52.23558,21.01027
718,Estonia,Poland,0,59.43641,24.75254,52.23558,21.01027
719,Russia,Poland,0,55.75697,37.61502,52.23558,21.01027
720,Ukraine,Poland,0,50.45057,30.52428,52.23558,21.01027
721,Syria,Lithuania,0,33.4993,36.30132,54.69063,25.26981
722,Jordan,Lithuania,0,31.95181,35.94042,54.69063,25.26981
723,Lebanon,Lithuania,0,33.89607,35.50678,54.69063,25.26981
724,Turkey,Lithuania,0,39.92109,32.85399,54.69063,25.26981
725,Egypt,Lithuania,0,30.04992,31.2486,54.69063,25.26981
726,Greece,Lithuania,0,37.97613,23.73643,54.69063,25.26981
727,Hungary,Lithuania,0,47.49973,19.05508,54.69063,25.26981
728,Albania,Lithuania,0,41.32233,19.82516,54.69063,25.26981
729,Montenegro,Lithuania,0,42.43544,19.26391,54.69063,25.26981
730,Bosnia and Herzegovina,Lithuania,0,43.85943,18.43577,54.69063,25.26981
731,Croatia,Lithuania,0,45.80724,15.96758,54.69063,25.26981
732,Slovenia,Lithuania,0,46.05063,14.50283,54.69063,25.26981
733,Slovakia,Lithuania,0,48.14926,17.10699,54.69063,25.26981
734,Bulgaria,Lithuania,0,42.69719,23.32431,54.69063,25.26981
735,Romania,Lithuania,0,44.4343,26.10298,54.69063,25.26981
736,Czech Republic,Lithuania,0,50.07913,14.43303,54.69063,25.26981
737,Austria,Lithuania,0,48.20255,16.3688,54.69063,25.26981
738,United Kingdom,Lithuania,0,51.50643,-0.12721,54.69063,25.26981
739,France,Lithuania,0,48.85693,2.3412,54.69063,25.26981
740,Finland,Lithuania,0,60.17116,24.93266,54.69063,25.26981
741,Sweden,Lithuania,0,59.33233,18.06293,54.69063,25.26981
742,Denmark,Lithuania,0,55.67567,12.56756,54.69063,25.26981
743,Norway,Lithuania,0,59.9123,10.75,54.69063,25.26981
744,Spain,Lithuania,0,40.42028,-3.70578,54.69063,25.26981
745,Poland,Lithuania,0,52.23558,21.01027,54.69063,25.26981
749,Russia,Lithuania,0,55.75697,37.61502,54.69063,25.26981
750,Ukraine,Lithuania,0,50.45057,30.52428,54.69063,25.26981
751,Syria,Latvia,0,33.4993,36.30132,56.94599,24.11487
752,Jordan,Latvia,0,31.95181,35.94042,56.94599,24.11487
753,Lebanon,Latvia,0,33.89607,35.50678,56.94599,24.11487
754,Turkey,Latvia,0,39.92109,32.85399,56.94599,24.11487
755,Egypt,Latvia,0,30.04992,31.2486,56.94599,24.11487
756,Greece,Latvia,0,37.97613,23.73643,56.94599,24.11487
757,Hungary,Latvia,0,47.49973,19.05508,56.94599,24.11487
758,Albania,Latvia,0,41.32233,19.82516,56.94599,24.11487
759,Montenegro,Latvia,0,42.43544,19.26391,56.94599,24.11487
760,Bosnia and Herzegovina,Latvia,0,43.85943,18.43577,56.94599,24.11487
761,Croatia,Latvia,0,45.80724,15.96758,56.94599,24.11487
762,Slovenia,Latvia,0,46.05063,14.50283,56.94599,24.11487
763,Slovakia,Latvia,0,48.14926,17.10699,56.94599,24.11487
764,Bulgaria,Latvia,0,42.69719,23.32431,56.94599,24.11487
765,Romania,Latvia,0,44.4343,26.10298,56.94599,24.11487
766,Czech Republic,Latvia,0,50.07913,14.43303,56.94599,24.11487
767,Austria,Latvia,0,48.20255,16.3688,56.94599,24.11487
768,United Kingdom,Latvia,0,51.50643,-0.12721,56.94599,24.11487
769,France,Latvia,0,48.85693,2.3412,56.94599,24.11487
770,Finland,Latvia,0,60.17116,24.93266,56.94599,24.11487
771,Sweden,Latvia,0,59.33233,18.06293,56.94599,24.11487
772,Denmark,Latvia,0,55.67567,12.56756,56.94599,24.11487
773,Norway,Latvia,0,59.9123,10.75,56.94599,24.11487
774,Spain,Latvia,0,40.42028,-3.70578,56.94599,24.11487
775,Poland,Latvia,0,52.23558,21.01027,56.94599,24.11487
776,Lithuania,Latvia,0,54.69063,25.26981,56.94599,24.11487
779,Russia,Latvia,0,55.75697,37.61502,56.94599,24.11487
780,Ukraine,Latvia,0,50.45057,30.52428,56.94599,24.11487
781,Syria,Estonia,0,33.4993,36.30132,59.43641,24.75254
782,Jordan,Estonia,0,31.95181,35.94042,59.43641,24.75254
783,Lebanon,Estonia,0,33.89607,35.50678,59.43641,24.75254
784,Turkey,Estonia,0,39.92109,32.85399,59.43641,24.75254
785,Egypt,Estonia,0,30.04992,31.2486,59.43641,24.75254
786,Greece,Estonia,0,37.97613,23.73643,59.43641,24.75254
787,Hungary,Estonia,0,47.49973,19.05508,59.43641,24.75254
788,Albania,Estonia,0,41.32233,19.82516,59.43641,24.75254
789,Montenegro,Estonia,0,42.43544,19.26391,59.43641,24.75254
790,Bosnia and Herzegovina,Estonia,0,43.85943,18.43577,59.43641,24.75254
791,Croatia,Estonia,0,45.80724,15.96758,59.43641,24.75254
792,Slovenia,Estonia,0,46.05063,14.50283,59.43641,24.75254
793,Slovakia,Estonia,0,48.14926,17.10699,59.43641,24.75254
794,Bulgaria,Estonia,0,42.69719,23.32431,59.43641,24.75254
795,Romania,Estonia,0,44.4343,26.10298,59.43641,24.75254
796,Czech Republic,Estonia,0,50.07913,14.43303,59.43641,24.75254
797,Austria,Estonia,0,48.20255,16.3688,59.43641,24.75254
798,United Kingdom,Estonia,0,51.50643,-0.12721,59.43641,24.75254
799,France,Estonia,0,48.85693,2.3412,59.43641,24.75254
800,Finland,Estonia,0,60.17116,24.93266,59.43641,24.75254
801,Sweden,Estonia,0,59.33233,18.06293,59.43641,24.75254
802,Denmark,Estonia,0,55.67567,12.56756,59.43641,24.75254
803,Norway,Estonia,0,59.9123,10.75,59.43641,24.75254
804,Spain,Estonia,0,40.42028,-3.70578,59.43641,24.75254
805,Poland,Estonia,0,52.23558,21.01027,59.43641,24.75254
806,Lithuania,Estonia,0,54.69063,25.26981,59.43641,24.75254
807,Latvia,Estonia,0,56.94599,24.11487,59.43641,24.75254
809,Russia,Estonia,0,55.75697,37.61502,59.43641,24.75254
810,Ukraine,Estonia,0,50.45057,30.52428,59.43641,24.75254
811,Syria,Russia,0,33.4993,36.30132,55.75697,37.61502
816,Greece,Russia,0,37.97613,23.73643,55.75697,37.61502
817,Hungary,Russia,0,47.49973,19.05508,55.75697,37.61502
818,Albania,Russia,0,41.32233,19.82516,55.75697,37.61502
819,Montenegro,Russia,0,42.43544,19.26391,55.75697,37.61502
820,Bosnia and Herzegovina,Russia,0,43.85943,18.43577,55.75697,37.61502
821,Croatia,Russia,0,45.80724,15.96758,55.75697,37.61502
822,Slovenia,Russia,0,46.05063,14.50283,55.75697,37.61502
823,Slovakia,Russia,0,48.14926,17.10699,55.75697,37.61502
824,Bulgaria,Russia,0,42.69719,23.32431,55.75697,37.61502
825,Romania,Russia,0,44.4343,26.10298,55.75697,37.61502
826,Czech Republic,Russia,0,50.07913,14.43303,55.75697,37.61502
827,Austria,Russia,0,48.20255,16.3688,55.75697,37.61502
828,United Kingdom,Russia,0,51.50643,-0.12721,55.75697,37.61502
829,France,Russia,0,48.85693,2.3412,55.75697,37.61502
831,Sweden,Russia,0,59.33233,18.06293,55.75697,37.61502
832,Denmark,Russia,0,55.67567,12.56756,55.75697,37.61502
833,Norway,Russia,0,59.9123,10.75,55.75697,37.61502
834,Spain,Russia,0,40.42028,-3.70578,55.75697,37.61502
835,Poland,Russia,0,52.23558,21.01027,55.75697,37.61502
836,Lithuania,Russia,0,54.69063,25.26981,55.75697,37.61502
837,Latvia,Russia,0,56.94599,24.11487,55.75697,37.61502
838,Estonia,Russia,0,59.43641,24.75254,55.75697,37.61502
840,Ukraine,Russia,0,50.45057,30.52428,55.75697,37.61502
841,Syria,Ukraine,0,33.4993,36.30132,50.45057,30.52428
843,Lebanon,Ukraine,0,33.89607,35.50678,50.45057,30.52428
845,Egypt,Ukraine,0,30.04992,31.2486,50.45057,30.52428
846,Greece,Ukraine,0,37.97613,23.73643,50.45057,30.52428
847,Hungary,Ukraine,0,47.49973,19.05508,50.45057,30.52428
848,Albania,Ukraine,0,41.32233,19.82516,50.45057,30.52428
849,Montenegro,Ukraine,0,42.43544,19.26391,50.45057,30.52428
850,Bosnia and Herzegovina,Ukraine,0,43.85943,18.43577,50.45057,30.52428
851,Croatia,Ukraine,0,45.80724,15.96758,50.45057,30.52428
852,Slovenia,Ukraine,0,46.05063,14.50283,50.45057,30.52428
853,Slovakia,Ukraine,0,48.14926,17.10699,50.45057,30.52428
854,Bulgaria,Ukraine,0,42.69719,23.32431,50.45057,30.52428
856,Czech Republic,Ukraine,0,50.07913,14.43303,50.45057,30.52428
857,Austria,Ukraine,0,48.20255,16.3688,50.45057,30.52428
858,United Kingdom,Ukraine,0,51.50643,-0.12721,50.45057,30.52428
860,Finland,Ukraine,0,60.17116,24.93266,50.45057,30.52428
861,Sweden,Ukraine,0,59.33233,18.06293,50.45057,30.52428
862,Denmark,Ukraine,0,55.67567,12.56756,50.45057,30.52428
863,Norway,Ukraine,0,59.9123,10.75,50.45057,30.52428
865,Poland,Ukraine,0,52.23558,21.01027,50.45057,30.52428
866,Lithuania,Ukraine,0,54.69063,25.26981,50.45057,30.52428
867,Latvia,Ukraine,0,56.94599,24.11487,50.45057,30.52428
868,Estonia,Ukraine,0,59.43641,24.75254,50.45057,30.52428
869,Russia,Ukraine,0,55.75697,37.61502,50.45057,30.52428
12,Slovenia,Germany,1,46.05063,14.50283,52.51607,13.37699
13,Slovakia,Germany,1,48.14926,17.10699,52.51607,13.37699
15,Romania,Germany,1,44.4343,26.10298,52.51607,13.37699
29,Russia,Germany,1,55.75697,37.61502,52.51607,13.37699
44,Bulgaria,Hungary,1,42.69719,23.32431,47.49973,19.05508
48,United Kingdom,Hungary,1,51.50643,-0.12721,47.49973,19.05508
72,Slovenia,Austria,1,46.05063,14.50283,48.20255,16.3688
81,Sweden,Austria,1,59.33233,18.06293,48.20255,16.3688
85,Poland,Austria,1,52.23558,21.01027,48.20255,16.3688
89,Russia,Austria,1,55.75697,37.61502,48.20255,16.3688
93,Lebanon,Italy,1,33.89607,35.50678,41.90323,12.49566
97,Hungary,Italy,1,47.49973,19.05508,41.90323,12.49566
100,Bosnia and Herzegovina,Italy,1,43.85943,18.43577,41.90323,12.49566
110,Finland,Italy,1,60.17116,24.93266,41.90323,12.49566
113,Norway,Italy,1,59.9123,10.75,41.90323,12.49566
130,Bosnia and Herzegovina,Greece,1,43.85943,18.43577,37.97613,23.73643
134,Bulgaria,Greece,1,42.69719,23.32431,37.97613,23.73643
142,Denmark,Greece,1,55.67567,12.56756,37.97613,23.73643
164,Bulgaria,Hungary,1,42.69719,23.32431,47.49973,19.05508
168,United Kingdom,Hungary,1,51.50643,-0.12721,47.49973,19.05508
186,Greece,Albania,1,37.97613,23.73643,41.32233,19.82516
216,Greece,Montenegro,1,37.97613,23.73643,42.43544,19.26391
218,Albania,Montenegro,1,41.32233,19.82516,42.43544,19.26391
244,Turkey,Bosnia and Herzegovina,1,39.92109,32.85399,43.85943,18.43577
251,Croatia,Bosnia and Herzegovina,1,45.80724,15.96758,43.85943,18.43577
256,Czech Republic,Bosnia and Herzegovina,1,50.07913,14.43303,43.85943,18.43577
257,Austria,Bosnia and Herzegovina,1,48.20255,16.3688,43.85943,18.43577
282,Slovenia,Croatia,1,46.05063,14.50283,45.80724,15.96758
289,France,Croatia,1,48.85693,2.3412,45.80724,15.96758
303,Lebanon,Slovenia,1,33.89607,35.50678,46.05063,14.50283
310,Bosnia and Herzegovina,Slovenia,1,43.85943,18.43577,46.05063,14.50283
316,Czech Republic,Slovenia,1,50.07913,14.43303,46.05063,14.50283
319,France,Slovenia,1,48.85693,2.3412,46.05063,14.50283
323,Norway,Slovenia,1,59.9123,10.75,46.05063,14.50283
347,Austria,Slovakia,1,48.20255,16.3688,48.14926,17.10699
355,Poland,Slovakia,1,52.23558,21.01027,48.14926,17.10699
362,Jordan,Bulgaria,1,31.95181,35.94042,42.69719,23.32431
366,Greece,Bulgaria,1,37.97613,23.73643,42.69719,23.32431
367,Hungary,Bulgaria,1,47.49973,19.05508,42.69719,23.32431
377,Austria,Bulgaria,1,48.20255,16.3688,42.69719,23.32431
383,Norway,Bulgaria,1,59.9123,10.75,42.69719,23.32431
390,Ukraine,Bulgaria,1,50.45057,30.52428,42.69719,23.32431
419,Russia,Romania,1,55.75697,37.61502,44.4343,26.10298
433,Slovakia,Czech Republic,1,48.14926,17.10699,50.07913,14.43303
443,Norway,Czech Republic,1,59.9123,10.75,50.07913,14.43303
462,Slovenia,Austria,1,46.05063,14.50283,48.20255,16.3688
471,Sweden,Austria,1,59.33233,18.06293,48.20255,16.3688
475,Poland,Austria,1,52.23558,21.01027,48.20255,16.3688
479,Russia,Austria,1,55.75697,37.61502,48.20255,16.3688
491,Croatia,United Kingdom,1,45.80724,15.96758,51.50643,-0.12721
493,Slovakia,United Kingdom,1,48.14926,17.10699,51.50643,-0.12721
495,Romania,United Kingdom,1,44.4343,26.10298,51.50643,-0.12721
496,Czech Republic,United Kingdom,1,50.07913,14.43303,51.50643,-0.12721
505,Poland,United Kingdom,1,52.23558,21.01027,51.50643,-0.12721
520,Bosnia and Herzegovina,France,1,43.85943,18.43577,48.85693,2.3412
523,Slovakia,France,1,48.14926,17.10699,48.85693,2.3412
524,Bulgaria,France,1,42.69719,23.32431,48.85693,2.3412
526,Czech Republic,France,1,50.07913,14.43303,48.85693,2.3412
530,Finland,France,1,60.17116,24.93266,48.85693,2.3412
532,Denmark,France,1,55.67567,12.56756,48.85693,2.3412
533,Norway,France,1,59.9123,10.75,48.85693,2.3412
539,Russia,France,1,55.75697,37.61502,48.85693,2.3412
543,Lebanon,Finland,1,33.89607,35.50678,60.17116,24.93266
555,Romania,Finland,1,44.4343,26.10298,60.17116,24.93266
562,Denmark,Finland,1,55.67567,12.56756,60.17116,24.93266
565,Poland,Finland,1,52.23558,21.01027,60.17116,24.93266
572,Jordan,Sweden,1,31.95181,35.94042,59.33233,18.06293
575,Egypt,Sweden,1,30.04992,31.2486,59.33233,18.06293
590,Finland,Sweden,1,60.17116,24.93266,59.33233,18.06293
595,Poland,Sweden,1,52.23558,21.01027,59.33233,18.06293
601,Syria,Denmark,1,33.4993,36.30132,55.67567,12.56756
602,Jordan,Denmark,1,31.95181,35.94042,55.67567,12.56756
619,France,Denmark,1,48.85693,2.3412,55.67567,12.56756
623,Norway,Denmark,1,59.9123,10.75,55.67567,12.56756
632,Jordan,Norway,1,31.95181,35.94042,59.9123,10.75
633,Lebanon,Norway,1,33.89607,35.50678,59.9123,10.75
637,Hungary,Norway,1,47.49973,19.05508,59.9123,10.75
654,Spain,Norway,1,40.42028,-3.70578,59.9123,10.75
655,Poland,Norway,1,52.23558,21.01027,59.9123,10.75
665,Egypt,Spain,1,30.04992,31.2486,40.42028,-3.70578
680,Finland,Spain,1,60.17116,24.93266,40.42028,-3.70578
694,Turkey,Poland,1,39.92109,32.85399,52.23558,21.01027
696,Greece,Poland,1,37.97613,23.73643,52.23558,21.01027
705,Romania,Poland,1,44.4343,26.10298,52.23558,21.01027
706,Czech Republic,Poland,1,50.07913,14.43303,52.23558,21.01027
712,Denmark,Poland,1,55.67567,12.56756,52.23558,21.01027
713,Norway,Poland,1,59.9123,10.75,52.23558,21.01027
747,Latvia,Lithuania,1,56.94599,24.11487,54.69063,25.26981
748,Estonia,Lithuania,1,59.43641,24.75254,54.69063,25.26981
778,Estonia,Latvia,1,59.43641,24.75254,56.94599,24.11487
813,Lebanon,Russia,1,33.89607,35.50678,55.75697,37.61502
830,Finland,Russia,1,60.17116,24.93266,55.75697,37.61502
855,Romania,Ukraine,1,44.4343,26.10298,50.45057,30.52428
859,France,Ukraine,1,48.85693,2.3412,50.45057,30.52428
864,Spain,Ukraine,1,40.42028,-3.70578,50.45057,30.52428
20,Finland,Germany,2,60.17116,24.93266,52.51607,13.37699
24,Spain,Germany,2,40.42028,-3.70578,52.51607,13.37699
33,Lebanon,Hungary,2,33.89607,35.50678,47.49973,19.05508
65,Egypt,Austria,2,30.04992,31.2486,48.20255,16.3688
70,Bosnia and Herzegovina,Austria,2,43.85943,18.43577,48.20255,16.3688
82,Denmark,Austria,2,55.67567,12.56756,48.20255,16.3688
92,Jordan,Italy,2,31.95181,35.94042,41.90323,12.49566
96,Greece,Italy,2,37.97613,23.73643,41.90323,12.49566
111,Sweden,Italy,2,59.33233,18.06293,41.90323,12.49566
127,Hungary,Greece,2,47.49973,19.05508,37.97613,23.73643
137,Austria,Greece,2,48.20255,16.3688,37.97613,23.73643
141,Sweden,Greece,2,59.33233,18.06293,37.97613,23.73643
153,Lebanon,Hungary,2,33.89607,35.50678,47.49973,19.05508
273,Lebanon,Croatia,2,33.89607,35.50678,45.80724,15.96758
304,Turkey,Slovenia,2,39.92109,32.85399,46.05063,14.50283
306,Greece,Slovenia,2,37.97613,23.73643,46.05063,14.50283
317,Austria,Slovenia,2,48.20255,16.3688,46.05063,14.50283
346,Czech Republic,Slovakia,2,50.07913,14.43303,48.14926,17.10699
376,Czech Republic,Bulgaria,2,50.07913,14.43303,42.69719,23.32431
455,Egypt,Austria,2,30.04992,31.2486,48.20255,16.3688
460,Bosnia and Herzegovina,Austria,2,43.85943,18.43577,48.20255,16.3688
472,Denmark,Austria,2,55.67567,12.56756,48.20255,16.3688
511,Syria,France,2,33.4993,36.30132,48.85693,2.3412
531,Sweden,France,2,59.33233,18.06293,48.85693,2.3412
581,Croatia,Sweden,2,45.80724,15.96758,59.33233,18.06293
664,Turkey,Spain,2,39.92109,32.85399,40.42028,-3.70578
677,Austria,Spain,2,48.20255,16.3688,40.42028,-3.70578
678,United Kingdom,Spain,2,51.50643,-0.12721,40.42028,-3.70578
683,Norway,Spain,2,59.9123,10.75,40.42028,-3.70578
708,United Kingdom,Poland,2,51.50643,-0.12721,52.23558,21.01027
814,Turkey,Russia,2,39.92109,32.85399,55.75697,37.61502
815,Egypt,Russia,2,30.04992,31.2486,55.75697,37.61502
844,Turkey,Ukraine,2,39.92109,32.85399,50.45057,30.52428
10,Bosnia and Herzegovina,Germany,3,43.85943,18.43577,52.51607,13.37699
25,Poland,Germany,3,52.23558,21.01027,52.51607,13.37699
31,Syria,Hungary,3,33.4993,36.30132,47.49973,19.05508
71,Croatia,Austria,3,45.80724,15.96758,48.20255,16.3688
74,Bulgaria,Austria,3,42.69719,23.32431,48.20255,16.3688
138,United Kingdom,Greece,3,51.50643,-0.12721,37.97613,23.73643
151,Syria,Hungary,3,33.4993,36.30132,47.49973,19.05508
280,Bosnia and Herzegovina,Croatia,3,43.85943,18.43577,45.80724,15.96758
392,Jordan,Romania,3,31.95181,35.94042,44.4343,26.10298
439,France,Czech Republic,3,48.85693,2.3412,50.07913,14.43303
461,Croatia,Austria,3,45.80724,15.96758,48.20255,16.3688
464,Bulgaria,Austria,3,42.69719,23.32431,48.20255,16.3688
503,Norway,United Kingdom,3,59.9123,10.75,51.50643,-0.12721
513,Lebanon,France,3,33.89607,35.50678,48.85693,2.3412
525,Romania,France,3,44.4343,26.10298,48.85693,2.3412
557,Austria,Finland,3,48.20255,16.3688,60.17116,24.93266
606,Greece,Denmark,3,37.97613,23.73643,55.67567,12.56756
607,Hungary,Denmark,3,47.49973,19.05508,55.67567,12.56756
648,United Kingdom,Norway,3,51.50643,-0.12721,59.9123,10.75
652,Denmark,Norway,3,55.67567,12.56756,59.9123,10.75
681,Sweden,Spain,3,59.33233,18.06293,40.42028,-3.70578
692,Jordan,Poland,3,31.95181,35.94042,52.23558,21.01027
842,Jordan,Ukraine,3,31.95181,35.94042,50.45057,30.52428
16,Czech Republic,Germany,4,50.07913,14.43303,52.51607,13.37699
47,Austria,Hungary,4,48.20255,16.3688,47.49973,19.05508
108,United Kingdom,Italy,4,51.50643,-0.12721,41.90323,12.49566
125,Egypt,Greece,4,30.04992,31.2486,37.97613,23.73643
167,Austria,Hungary,4,48.20255,16.3688,47.49973,19.05508
364,Turkey,Bulgaria,4,39.92109,32.85399,42.69719,23.32431
394,Turkey,Romania,4,39.92109,32.85399,44.4343,26.10298
483,Lebanon,United Kingdom,4,33.89607,35.50678,51.50643,-0.12721
517,Hungary,France,4,47.49973,19.05508,48.85693,2.3412
589,France,Sweden,4,48.85693,2.3412,59.33233,18.06293
812,Jordan,Russia,4,31.95181,35.94042,55.75697,37.61502
78,United Kingdom,Austria,5,51.50643,-0.12721,48.20255,16.3688
468,United Kingdom,Austria,5,51.50643,-0.12721,48.20255,16.3688
512,Jordan,France,5,31.95181,35.94042,48.85693,2.3412
534,Spain,France,5,40.42028,-3.70578,48.85693,2.3412
571,Syria,Sweden,5,33.4993,36.30132,59.33233,18.06293
662,Jordan,Spain,5,31.95181,35.94042,40.42028,-3.70578
23,Norway,Germany,6,59.9123,10.75,52.51607,13.37699
61,Syria,Austria,6,33.4993,36.30132,48.20255,16.3688
63,Lebanon,Austria,6,33.89607,35.50678,48.20255,16.3688
73,Slovakia,Austria,6,48.14926,17.10699,48.20255,16.3688
76,Czech Republic,Austria,6,50.07913,14.43303,48.20255,16.3688
94,Turkey,Italy,6,39.92109,32.85399,41.90323,12.49566
114,Spain,Italy,6,40.42028,-3.70578,41.90323,12.49566
276,Greece,Croatia,6,37.97613,23.73643,45.80724,15.96758
437,Austria,Czech Republic,6,48.20255,16.3688,50.07913,14.43303
451,Syria,Austria,6,33.4993,36.30132,48.20255,16.3688
453,Lebanon,Austria,6,33.89607,35.50678,48.20255,16.3688
463,Slovakia,Austria,6,48.14926,17.10699,48.20255,16.3688
466,Czech Republic,Austria,6,50.07913,14.43303,48.20255,16.3688
504,Spain,United Kingdom,6,40.42028,-3.70578,51.50643,-0.12721
573,Lebanon,Sweden,6,33.89607,35.50678,59.33233,18.06293
11,Croatia,Germany,7,45.80724,15.96758,52.51607,13.37699
14,Bulgaria,Germany,7,42.69719,23.32431,52.51607,13.37699
62,Jordan,Austria,7,31.95181,35.94042,48.20255,16.3688
274,Turkey,Croatia,7,39.92109,32.85399,45.80724,15.96758
452,Jordan,Austria,7,31.95181,35.94042,48.20255,16.3688
481,Syria,United Kingdom,7,33.4993,36.30132,51.50643,-0.12721
515,Egypt,France,7,30.04992,31.2486,48.85693,2.3412
634,Turkey,Norway,7,39.92109,32.85399,59.9123,10.75
647,Austria,Norway,7,48.20255,16.3688,59.9123,10.75
679,France,Spain,7,48.85693,2.3412,40.42028,-3.70578
544,Turkey,Finland,8,39.92109,32.85399,60.17116,24.93266
546,Greece,Finland,8,37.97613,23.73643,60.17116,24.93266
577,Hungary,Sweden,8,47.49973,19.05508,59.33233,18.06293
617,Austria,Denmark,8,48.20255,16.3688,55.67567,12.56756
588,United Kingdom,Sweden,9,51.50643,-0.12721,59.33233,18.06293
618,United Kingdom,Denmark,9,51.50643,-0.12721,55.67567,12.56756
636,Greece,Norway,9,37.97613,23.73643,59.9123,10.75
651,Sweden,Norway,9,59.33233,18.06293,59.9123,10.75
5,Egypt,Germany,10,30.04992,31.2486,52.51607,13.37699
95,Egypt,Italy,10,30.04992,31.2486,41.90323,12.49566
487,Hungary,United Kingdom,10,47.49973,19.05508,51.50643,-0.12721
22,Denmark,Germany,12,55.67567,12.56756,52.51607,13.37699
485,Egypt,United Kingdom,12,30.04992,31.2486,51.50643,-0.12721
593,Norway,Sweden,12,59.9123,10.75,59.33233,18.06293
122,Jordan,Greece,13,31.95181,35.94042,37.97613,23.73643
502,Denmark,United Kingdom,13,55.67567,12.56756,51.50643,-0.12721
621,Sweden,Denmark,13,59.33233,18.06293,55.67567,12.56756
109,France,Italy,14,48.85693,2.3412,41.90323,12.49566
604,Turkey,Denmark,14,39.92109,32.85399,55.67567,12.56756
528,United Kingdom,France,15,51.50643,-0.12721,48.85693,2.3412
499,France,United Kingdom,16,48.85693,2.3412,51.50643,-0.12721
561,Sweden,Finland,17,59.33233,18.06293,60.17116,24.93266
592,Denmark,Sweden,17,55.67567,12.56756,59.33233,18.06293
21,Sweden,Germany,18,59.33233,18.06293,52.51607,13.37699
107,Austria,Italy,18,48.20255,16.3688,41.90323,12.49566
121,Syria,Greece,18,33.4993,36.30132,37.97613,23.73643
123,Lebanon,Greece,18,33.89607,35.50678,37.97613,23.73643
482,Jordan,United Kingdom,18,31.95181,35.94042,51.50643,-0.12721
501,Sweden,United Kingdom,19,59.33233,18.06293,51.50643,-0.12721
3,Lebanon,Germany,21,33.89607,35.50678,52.51607,13.37699
1,Syria,Germany,22,33.4993,36.30132,52.51607,13.37699
516,Greece,France,22,37.97613,23.73643,48.85693,2.3412
79,France,Austria,24,48.85693,2.3412,48.20255,16.3688
469,France,Austria,24,48.85693,2.3412,48.20255,16.3688
527,Austria,France,24,48.20255,16.3688,48.85693,2.3412
2,Jordan,Germany,27,31.95181,35.94042,52.51607,13.37699
67,Hungary,Austria,28,47.49973,19.05508,48.20255,16.3688
457,Hungary,Austria,28,47.49973,19.05508,48.20255,16.3688
576,Greece,Sweden,28,37.97613,23.73643,59.33233,18.06293
497,Austria,United Kingdom,31,48.20255,16.3688,51.50643,-0.12721
587,Austria,Sweden,31,48.20255,16.3688,59.33233,18.06293
514,Turkey,France,33,39.92109,32.85399,48.85693,2.3412
486,Greece,United Kingdom,37,37.97613,23.73643,51.50643,-0.12721
18,United Kingdom,Germany,49,51.50643,-0.12721,52.51607,13.37699
574,Turkey,Sweden,54,39.92109,32.85399,59.33233,18.06293
36,Greece,Hungary,57,37.97613,23.73643,47.49973,19.05508
156,Greece,Hungary,57,37.97613,23.73643,47.49973,19.05508
484,Turkey,United Kingdom,57,39.92109,32.85399,51.50643,-0.12721
19,France,Germany,62,48.85693,2.3412,52.51607,13.37699
34,Turkey,Hungary,64,39.92109,32.85399,47.49973,19.05508
154,Turkey,Hungary,64,39.92109,32.85399,47.49973,19.05508
7,Hungary,Germany,70,47.49973,19.05508,52.51607,13.37699
66,Greece,Austria,95,37.97613,23.73643,48.20255,16.3688
456,Greece,Austria,95,37.97613,23.73643,48.20255,16.3688
64,Turkey,Austria,125,39.92109,32.85399,48.20255,16.3688
454,Turkey,Austria,125,39.92109,32.85399,48.20255,16.3688
17,Austria,Germany,162,48.20255,16.3688,52.51607,13.37699
6,Greece,Germany,206,37.97613,23.73643,52.51607,13.37699
124,Turkey,Greece,273,39.92109,32.85399,37.97613,23.73643
4,Turkey,Germany,333,39.92109,32.85399,52.51607,13.37699